INSERT INTO location (id, lon, lat, city, state) VALUES (1, 2.02234564, 2.3349654, 'Dallas', 'Texas');
INSERT INTO location (id, lon, lat, city, state) VALUES (2, 1.7541, 2.3845, 'Los Angeles', 'California');
INSERT INTO location (id, lon, lat, city, state) VALUES (3, 2.0873, 3.3452, 'Phoenix', 'Arizona');
INSERT INTO location (id, lon, lat, city, state) VALUES (4, 2.3523, 2.3458, 'Seattle', 'Washington');
INSERT INTO location (id, lon, lat, city, state) VALUES (5, 3.5284, 2.8542, 'Kansas City', 'Missouri');

INSERT INTO weather_record (id, wdate, location) VALUES (37892, parsedatetime('2020-09-15', 'yyyy-MM-dd'), 1);

INSERT INTO temperature (weather, temperature) VALUES (37892, 30.0121);
INSERT INTO temperature (weather, temperature) VALUES (37892, 2.1151);
INSERT INTO temperature (weather, temperature) VALUES (37892, 1.4);
INSERT INTO temperature (weather, temperature) VALUES (37892, 20.45);
INSERT INTO temperature (weather, temperature) VALUES (37892, 10.2);
INSERT INTO temperature (weather, temperature) VALUES (37892, 11.6);
INSERT INTO temperature (weather, temperature) VALUES (37892, 3.1);
INSERT INTO temperature (weather, temperature) VALUES (37892, 2.5);
INSERT INTO temperature (weather, temperature) VALUES (37892, 12.4);
INSERT INTO temperature (weather, temperature) VALUES (37892, 3.21);
INSERT INTO temperature (weather, temperature) VALUES (37892, 4.1);
INSERT INTO temperature (weather, temperature) VALUES (37892, 1.254);
INSERT INTO temperature (weather, temperature) VALUES (37892, 3.21);
INSERT INTO temperature (weather, temperature) VALUES (37892, 5.1);
INSERT INTO temperature (weather, temperature) VALUES (37892, 10.2);
INSERT INTO temperature (weather, temperature) VALUES (37892, 11.6);
INSERT INTO temperature (weather, temperature) VALUES (37892, 3.1);
INSERT INTO temperature (weather, temperature) VALUES (37892, 2.5);
INSERT INTO temperature (weather, temperature) VALUES (37892, 12.4);
INSERT INTO temperature (weather, temperature) VALUES (37892, 3.21);
INSERT INTO temperature (weather, temperature) VALUES (37892, 4.1);
INSERT INTO temperature (weather, temperature) VALUES (37892, 1.254);
INSERT INTO temperature (weather, temperature) VALUES (37892, 3.21);
INSERT INTO temperature (weather, temperature) VALUES (37892, 5.1);

INSERT INTO weather_record (id, wdate, location) VALUES (37890, parsedatetime('2020-09-05', 'yyyy-MM-dd'), 2);

INSERT INTO temperature (weather, temperature) VALUES (37890, 30.0121);
INSERT INTO temperature (weather, temperature) VALUES (37890, 2.1151);
INSERT INTO temperature (weather, temperature) VALUES (37890, 1.4);
INSERT INTO temperature (weather, temperature) VALUES (37890, 20.45);
INSERT INTO temperature (weather, temperature) VALUES (37890, 10.2);
INSERT INTO temperature (weather, temperature) VALUES (37890, 11.6);
INSERT INTO temperature (weather, temperature) VALUES (37890, 3.1);
INSERT INTO temperature (weather, temperature) VALUES (37890, 2.5);
INSERT INTO temperature (weather, temperature) VALUES (37890, 12.4);
INSERT INTO temperature (weather, temperature) VALUES (37890, 3.21);
INSERT INTO temperature (weather, temperature) VALUES (37890, 4.1);
INSERT INTO temperature (weather, temperature) VALUES (37890, 1.254);
INSERT INTO temperature (weather, temperature) VALUES (37890, 3.21);
INSERT INTO temperature (weather, temperature) VALUES (37890, 5.1);
INSERT INTO temperature (weather, temperature) VALUES (37890, 11.6);
INSERT INTO temperature (weather, temperature) VALUES (37890, 3.1);
INSERT INTO temperature (weather, temperature) VALUES (37890, 2.5);
INSERT INTO temperature (weather, temperature) VALUES (37890, 12.4);
INSERT INTO temperature (weather, temperature) VALUES (37890, 3.21);
INSERT INTO temperature (weather, temperature) VALUES (37890, 4.1);
INSERT INTO temperature (weather, temperature) VALUES (37890, 1.254);
INSERT INTO temperature (weather, temperature) VALUES (37890, 3.21);
INSERT INTO temperature (weather, temperature) VALUES (37890, 5.1);
INSERT INTO temperature (weather, temperature) VALUES (37890, 10.2);

INSERT INTO weather_record (id, wdate, location) VALUES (37895, parsedatetime('2020-10-01', 'yyyy-MM-dd'), 3);


INSERT INTO temperature (weather, temperature) VALUES (37895, 3.1);
INSERT INTO temperature (weather, temperature) VALUES (37895, 2.5);
INSERT INTO temperature (weather, temperature) VALUES (37895, 12.4);
INSERT INTO temperature (weather, temperature) VALUES (37895, 3.21);
INSERT INTO temperature (weather, temperature) VALUES (37895, 4.1);
INSERT INTO temperature (weather, temperature) VALUES (37895, 1.254);
INSERT INTO temperature (weather, temperature) VALUES (37895, 3.21);
INSERT INTO temperature (weather, temperature) VALUES (37895, 5.1);
INSERT INTO temperature (weather, temperature) VALUES (37895, 11.6);
INSERT INTO temperature (weather, temperature) VALUES (37895, 3.1);
INSERT INTO temperature (weather, temperature) VALUES (37895, 2.5);
INSERT INTO temperature (weather, temperature) VALUES (37895, 12.4);
INSERT INTO temperature (weather, temperature) VALUES (37895, 3.21);
INSERT INTO temperature (weather, temperature) VALUES (37895, 4.1);
INSERT INTO temperature (weather, temperature) VALUES (37895, 1.254);
INSERT INTO temperature (weather, temperature) VALUES (37895, 3.21);
INSERT INTO temperature (weather, temperature) VALUES (37895, 5.1);
INSERT INTO temperature (weather, temperature) VALUES (37895, 10.2);
INSERT INTO temperature (weather, temperature) VALUES (37895, 30.0121);
INSERT INTO temperature (weather, temperature) VALUES (37895, 2.1151);
INSERT INTO temperature (weather, temperature) VALUES (37895, 1.4);
INSERT INTO temperature (weather, temperature) VALUES (37895, 20.45);
INSERT INTO temperature (weather, temperature) VALUES (37895, 10.2);
INSERT INTO temperature (weather, temperature) VALUES (37895, 11.6);

INSERT INTO weather_record (id, wdate, location) VALUES (37885, parsedatetime('2020-10-13', 'yyyy-MM-dd'), 4);


INSERT INTO temperature (weather, temperature) VALUES (37885, 3.1);
INSERT INTO temperature (weather, temperature) VALUES (37885, 2.5);
INSERT INTO temperature (weather, temperature) VALUES (37885, 12.4);
INSERT INTO temperature (weather, temperature) VALUES (37885, 3.21);
INSERT INTO temperature (weather, temperature) VALUES (37885, 4.1);
INSERT INTO temperature (weather, temperature) VALUES (37885, 1.254);
INSERT INTO temperature (weather, temperature) VALUES (37885, 3.21);
INSERT INTO temperature (weather, temperature) VALUES (37885, 5.1);
INSERT INTO temperature (weather, temperature) VALUES (37885, 11.6);
INSERT INTO temperature (weather, temperature) VALUES (37885, 3.1);
INSERT INTO temperature (weather, temperature) VALUES (37885, 2.5);
INSERT INTO temperature (weather, temperature) VALUES (37885, 12.4);
INSERT INTO temperature (weather, temperature) VALUES (37885, 3.21);
INSERT INTO temperature (weather, temperature) VALUES (37885, 4.1);
INSERT INTO temperature (weather, temperature) VALUES (37885, 1.254);
INSERT INTO temperature (weather, temperature) VALUES (37885, 3.21);
INSERT INTO temperature (weather, temperature) VALUES (37885, 5.1);
INSERT INTO temperature (weather, temperature) VALUES (37885, 10.2);
INSERT INTO temperature (weather, temperature) VALUES (37885, 30.0121);
INSERT INTO temperature (weather, temperature) VALUES (37885, 2.1151);
INSERT INTO temperature (weather, temperature) VALUES (37885, 1.4);
INSERT INTO temperature (weather, temperature) VALUES (37885, 20.45);
INSERT INTO temperature (weather, temperature) VALUES (37885, 10.2);
INSERT INTO temperature (weather, temperature) VALUES (37885, 11.6);

INSERT INTO weather_record (id, wdate, location) VALUES (37899, parsedatetime('2020-10-13', 'yyyy-MM-dd'), 5);

INSERT INTO temperature (weather, temperature) VALUES (37899, 12.4);
INSERT INTO temperature (weather, temperature) VALUES (37899, 3.21);
INSERT INTO temperature (weather, temperature) VALUES (37899, 4.1);
INSERT INTO temperature (weather, temperature) VALUES (37899, 1.254);
INSERT INTO temperature (weather, temperature) VALUES (37899, 3.21);
INSERT INTO temperature (weather, temperature) VALUES (37899, 5.1);
INSERT INTO temperature (weather, temperature) VALUES (37899, 3.1);
INSERT INTO temperature (weather, temperature) VALUES (37899, 2.5);
INSERT INTO temperature (weather, temperature) VALUES (37899, 12.4);
INSERT INTO temperature (weather, temperature) VALUES (37899, 3.21);
INSERT INTO temperature (weather, temperature) VALUES (37899, 4.1);
INSERT INTO temperature (weather, temperature) VALUES (37899, 1.254);
INSERT INTO temperature (weather, temperature) VALUES (37899, 3.21);
INSERT INTO temperature (weather, temperature) VALUES (37899, 5.1);
INSERT INTO temperature (weather, temperature) VALUES (37899, 11.6);
INSERT INTO temperature (weather, temperature) VALUES (37899, 3.1);
INSERT INTO temperature (weather, temperature) VALUES (37899, 2.5);
INSERT INTO temperature (weather, temperature) VALUES (37899, 10.2);
INSERT INTO temperature (weather, temperature) VALUES (37899, 30.0121);
INSERT INTO temperature (weather, temperature) VALUES (37899, 2.1151);
INSERT INTO temperature (weather, temperature) VALUES (37899, 1.4);
INSERT INTO temperature (weather, temperature) VALUES (37899, 20.45);
INSERT INTO temperature (weather, temperature) VALUES (37899, 10.2);
INSERT INTO temperature (weather, temperature) VALUES (37899, 11.6);